site,year,dam_type,lake_area_m2,lake_status,snow_cover_index,snow_images_used,snow_status,last_updated
Lower Barun,2016,moraine,960664.004808613,ok,10.468,91,normal,2026-09-01T16:33:50.898411
Lower Barun,2017,moraine,411628.33950482524,ok,9.847,91,normal,2026-09-01T16:33:50.898443
Lower Barun,2018,moraine,1133655.0403894759,ok,9.052,91,normal,2026-09-01T16:33:50.898454
Lower Barun,2019,moraine,1801.436767578125,contaminated,9.209,91,normal,2026-09-01T16:33:50.898462
Lower Barun,2020,moraine,1276936.4161128025,ok,9.804,91,normal,2026-09-01T16:33:50.898470
Lower Barun,2021,moraine,725322.1748477712,ok,14.21,91,normal,2026-09-01T16:33:50.898477
Lower Barun,2022,moraine,1282393.6975569185,ok,9.626,91,normal,2026-09-01T16:33:50.898484
Lower Barun,2023,moraine,0,contaminated,9.783,91,normal,2026-09-01T16:33:50.898492
Lower Barun,2024,moraine,0,contaminated,8.841,91,normal,2026-09-01T16:33:50.898499
Chamlang,2016,moraine,0,contaminated,13.432,91,normal,2026-09-01T16:34:00.801818
Chamlang,2017,moraine,0,contaminated,14.7,91,normal,2026-09-01T16:34:00.801847
Chamlang,2018,moraine,0,contaminated,12.344,91,normal,2026-09-01T16:34:00.801858
Chamlang,2019,moraine,900.7200927734375,contaminated,4.892,91,low_snow_anomaly,2026-09-01T16:34:00.801866
Chamlang,2020,moraine,0,contaminated,11.99,91,normal,2026-09-01T16:34:00.801874
Chamlang,2021,moraine,0,contaminated,18.533,91,normal,2026-09-01T16:34:00.801882
Chamlang,2022,moraine,0,contaminated,13.658,91,normal,2026-09-01T16:34:00.801889
Chamlang,2023,moraine,17113.680786132812,ok,9.521,91,normal,2026-09-01T16:34:00.801897
Chamlang,2024,moraine,20716.5625,ok,8.826,91,normal,2026-09-01T16:34:00.801904
Hongu 2,2016,moraine,211729.2393391927,ok,17.623,91,normal,2026-09-01T16:34:11.792994
Hongu 2,2017,moraine,168434.63830566406,ok,19.705,91,normal,2026-09-01T16:34:11.793021
Hongu 2,2018,moraine,105264.1372273763,ok,16.133,91,normal,2026-09-01T16:34:11.793030
Hongu 2,2019,moraine,72601.56055525236,ok,11.147,91,low_snow_anomaly,2026-09-01T16:34:11.793038
Hongu 2,2020,moraine,580533.4854219325,ok,20.486,91,normal,2026-09-01T16:34:11.793046
Hongu 2,2021,moraine,224321.6571439855,ok,25.915,91,normal,2026-09-01T16:34:11.793053
Hongu 2,2022,moraine,0,contaminated,18.543,91,normal,2026-09-01T16:34:11.793061
Hongu 2,2023,moraine,168505.27897614124,ok,14.73,91,normal,2026-09-01T16:34:11.793069
Hongu 2,2024,moraine,174941.0094496783,ok,13.161,91,low_snow_anomaly,2026-09-01T16:34:11.793078
Hongu 1,2016,moraine,259763.9829312194,ok,8.812,91,normal,2026-09-01T16:34:21.766787
Hongu 1,2017,moraine,261427.664686016,ok,9.589,91,normal,2026-09-01T16:34:21.766811
Hongu 1,2018,moraine,257973.14029995791,ok,11.5,91,normal,2026-09-01T16:34:21.766820
Hongu 1,2019,moraine,14305.546957576977,contaminated,2.439,91,low_snow_anomaly,2026-09-01T16:34:21.766829
Hongu 1,2020,moraine,245214.71290378945,ok,10.39,91,normal,2026-09-01T16:34:21.766836
Hongu 1,2021,moraine,256023.3473032035,ok,19.584,91,normal,2026-09-01T16:34:21.766844
Hongu 1,2022,moraine,260526.94508152382,ok,4.624,91,normal,2026-09-01T16:34:21.766851
Hongu 1,2023,moraine,260664.70204743033,ok,3.917,91,normal,2026-09-01T16:34:21.766857
Hongu 1,2024,moraine,249718.3110483207,ok,6.781,91,normal,2026-09-01T16:34:21.766864
Imja Tsho,2016,moraine,1295552.1493709788,ok,12.263,91,normal,2026-09-01T16:34:30.219405
Imja Tsho,2017,moraine,1300055.7586239085,ok,10.772,91,normal,2026-09-01T16:34:30.219431
Imja Tsho,2018,moraine,1240608.2608211741,ok,12.65,91,normal,2026-09-01T16:34:30.219440
Imja Tsho,2019,moraine,160327.99249267578,ok,7.544,91,low_snow_anomaly,2026-09-01T16:34:30.219448
Imja Tsho,2020,moraine,1453291.1372182807,ok,12.0,91,normal,2026-09-01T16:34:30.219456
Imja Tsho,2021,moraine,1358726.1440034756,ok,11.654,91,normal,2026-09-01T16:34:30.219464
Imja Tsho,2022,moraine,1545743.806391937,ok,8.944,91,normal,2026-09-01T16:34:30.219471
Imja Tsho,2023,moraine,1576039.754737525,ok,8.935,91,normal,2026-09-01T16:34:30.219478
Imja Tsho,2024,moraine,1539414.0246017156,ok,9.809,91,normal,2026-09-01T16:34:30.219484
Lumding,2016,moraine,754455.2566480453,ok,13.931,91,normal,2026-09-01T16:34:37.729094
Lumding,2017,moraine,731623.7109415694,ok,14.753,91,normal,2026-09-01T16:34:37.729122
Lumding,2018,moraine,826623.2370593504,ok,15.121,91,normal,2026-09-01T16:34:37.729131
Lumding,2019,moraine,900.6868286132812,contaminated,12.897,91,normal,2026-09-01T16:34:37.729139
Lumding,2020,moraine,911895.3637654625,ok,18.324,91,normal,2026-09-01T16:34:37.729147
Lumding,2021,moraine,620468.2822260841,ok,24.084,91,normal,2026-09-01T16:34:37.729154
Lumding,2022,moraine,871657.6087024168,ok,11.973,91,normal,2026-09-01T16:34:37.729161
Lumding,2023,moraine,832822.11632487,ok,13.148,91,normal,2026-09-01T16:34:37.729168
Lumding,2024,moraine,364255.6807351505,ok,11.724,91,normal,2026-09-01T16:34:37.729176
Tsho Rolpa,2016,moraine,1450064.8214111328,ok,14.851,91,normal,2026-09-01T16:34:46.309185
Tsho Rolpa,2017,moraine,1424846.2740478516,ok,12.64,91,normal,2026-09-01T16:34:46.309209
Tsho Rolpa,2018,moraine,1457252.4712064855,ok,11.912,91,normal,2026-09-01T16:34:46.309218
Tsho Rolpa,2019,moraine,3602.6546020507812,contaminated,9.865,91,low_snow_anomaly,2026-09-01T16:34:46.309230
Tsho Rolpa,2020,moraine,1455959.8128860772,ok,13.307,91,normal,2026-09-01T16:34:46.309237
Tsho Rolpa,2021,moraine,1495232.1734319946,ok,18.434,91,normal,2026-09-01T16:34:46.309244
Tsho Rolpa,2022,moraine,1494688.2257889092,ok,11.531,91,normal,2026-09-01T16:34:46.309251
Tsho Rolpa,2023,moraine,1536715.534729722,ok,12.42,91,normal,2026-09-01T16:34:46.309258
Tsho Rolpa,2024,moraine,1518603.4516345453,ok,9.153,91,low_snow_anomaly,2026-09-01T16:34:46.309265
Ronti Peak,2016,slope,23410.119750976562,ok,25.032,91,low_snow_anomaly,2026-09-01T16:34:54.640045
Ronti Peak,2017,slope,900.3858642578125,contaminated,28.857,91,normal,2026-09-01T16:34:54.640070
Ronti Peak,2018,slope,12570.103303797105,ok,24.616,91,low_snow_anomaly,2026-09-01T16:34:54.640081
Ronti Peak,2019,slope,245299.79287109376,ok,41.759,91,normal,2026-09-01T16:34:54.640089
Ronti Peak,2020,slope,0,contaminated,35.042,91,normal,2026-09-01T16:34:54.640097
Ronti Peak,2021,slope,5275.257197122013,ok,41.012,91,normal,2026-09-01T16:34:54.640105
Ronti Peak,2022,slope,17474.530589623544,ok,29.94,91,normal,2026-09-01T16:34:54.640112
Ronti Peak,2023,slope,22509.62530517578,ok,36.859,91,normal,2026-09-01T16:34:54.640119
Ronti Peak,2024,slope,22509.729248046875,ok,23.138,91,low_snow_anomaly,2026-09-01T16:34:54.640126
