site,year,rank,lake_area_m2,lake_status,images_used,last_updated
PDGL_01,2016,I,25214.76513671875,ok,3,2026-09-01T17:20:04.242774
PDGL_01,2017,I,28816.874877929688,ok,4,2026-09-01T17:20:04.242837
PDGL_01,2018,I,27015.820068359375,ok,3,2026-09-01T17:20:04.242845
PDGL_01,2019,I,31518.45770263672,ok,1,2026-09-01T17:20:04.242851
PDGL_01,2020,I,27916.34832763672,ok,4,2026-09-01T17:20:04.242857
PDGL_01,2021,I,32418.98486328125,ok,5,2026-09-01T17:20:04.242863
PDGL_01,2022,I,30617.930297851562,ok,4,2026-09-01T17:20:04.242868
PDGL_01,2023,I,28816.875366210938,ok,5,2026-09-01T17:20:04.242872
PDGL_01,2024,I,23413.711181640625,ok,5,2026-09-01T17:20:04.242877
PDGL_02,2016,III,83749.47436523438,ok,2,2026-09-01T17:20:26.778261
PDGL_02,2017,III,50429.798095703125,ok,4,2026-09-01T17:20:26.778277
PDGL_02,2018,III,73843.63073730469,ok,4,2026-09-01T17:20:26.778281
PDGL_02,2019,III,88252.1337890625,ok,1,2026-09-01T17:20:26.778284
PDGL_02,2020,III,,no_image,0,2026-09-01T17:20:26.778287
PDGL_02,2021,III,51330.32849121094,ok,5,2026-09-01T17:20:26.778290
PDGL_02,2022,III,63037.24462890625,ok,3,2026-09-01T17:20:26.778293
PDGL_02,2023,III,80147.34851074219,ok,5,2026-09-01T17:20:26.778295
PDGL_02,2024,III,22513.299560546875,ok,2,2026-09-01T17:20:26.778298
PDGL_03,2016,III,,no_image,0,2026-09-01T17:20:49.216933
PDGL_03,2017,III,,no_image,0,2026-09-01T17:20:49.216968
PDGL_03,2018,III,1801.095947265625,ok,1,2026-09-01T17:20:49.216976
PDGL_03,2019,III,,no_image,0,2026-09-01T17:20:49.216982
PDGL_03,2020,III,10806.573974609375,ok,4,2026-09-01T17:20:49.216987
PDGL_03,2021,III,18911.505004882812,ok,4,2026-09-01T17:20:49.216993
PDGL_03,2022,III,6303.8358154296875,ok,5,2026-09-01T17:20:49.216999
PDGL_03,2023,III,9005.47900390625,ok,4,2026-09-01T17:20:49.217005
PDGL_03,2024,III,16209.861206054688,ok,3,2026-09-01T17:20:49.217011
PDGL_04,2016,I,138692.27221679688,ok,6,2026-09-01T17:21:10.805291
PDGL_04,2017,I,138692.27294921875,ok,3,2026-09-01T17:21:10.805328
PDGL_04,2018,I,133288.6768798828,ok,5,2026-09-01T17:21:10.805334
PDGL_04,2019,I,136891.07354736328,ok,2,2026-09-01T17:21:10.805340
PDGL_04,2020,I,135089.87530517578,ok,5,2026-09-01T17:21:10.805345
PDGL_04,2021,I,139592.8696899414,ok,6,2026-09-01T17:21:10.805350
PDGL_04,2022,I,141394.0707397461,ok,5,2026-09-01T17:21:10.805356
PDGL_04,2023,I,135990.47424316406,ok,6,2026-09-01T17:21:10.805361
PDGL_04,2024,I,135990.47534179688,ok,4,2026-09-01T17:21:10.805366
PDGL_05,2016,I,18913.50714111328,ok,6,2026-09-01T17:21:32.104773
PDGL_05,2017,I,8105.790466308594,ok,4,2026-09-01T17:21:32.104808
PDGL_05,2018,I,13509.64892578125,ok,5,2026-09-01T17:21:32.104815
PDGL_05,2019,I,27019.28448486328,ok,2,2026-09-01T17:21:32.104820
PDGL_05,2020,I,11708.364074707031,ok,6,2026-09-01T17:21:32.104825
PDGL_05,2021,I,33323.79357910156,ok,5,2026-09-01T17:21:32.104830
PDGL_05,2022,I,18913.508239746094,ok,5,2026-09-01T17:21:32.104836
PDGL_05,2023,I,36926.361389160156,ok,4,2026-09-01T17:21:32.104841
PDGL_05,2024,I,2701.9288940429688,ok,1,2026-09-01T17:21:32.104845
PDGL_06,2016,III,13837.979564232919,ok,6,2026-09-01T17:21:53.295489
PDGL_06,2017,III,9906.974243164062,ok,5,2026-09-01T17:21:53.295512
PDGL_06,2018,III,14738.613414330575,ok,6,2026-09-01T17:21:53.295516
PDGL_06,2019,III,12608.874572753906,ok,6,2026-09-01T17:21:53.295519
PDGL_06,2020,III,8434.176707787607,ok,5,2026-09-01T17:21:53.295522
PDGL_06,2021,III,16539.881785912607,ok,5,2026-09-01T17:21:53.295525
PDGL_06,2022,III,12608.8740234375,ok,4,2026-09-01T17:21:53.295528
PDGL_06,2023,III,22515.84747314453,ok,5,2026-09-01T17:21:53.295530
PDGL_06,2024,III,7229.793961827895,ok,6,2026-09-01T17:21:53.295535
PDGL_07,2016,I,559843.44335746,ok,6,2026-09-01T17:22:16.255582
PDGL_07,2017,I,576258.9543425913,ok,4,2026-09-01T17:22:16.255612
PDGL_07,2018,I,532649.0856119791,ok,6,2026-09-01T17:22:16.255615
PDGL_07,2019,I,554263.3107706704,ok,4,2026-09-01T17:22:16.255621
PDGL_07,2020,I,578060.1383635874,ok,4,2026-09-01T17:22:16.255624
PDGL_07,2021,I,565451.8572966929,ok,6,2026-09-01T17:22:16.255627
PDGL_07,2022,I,543456.197306315,ok,5,2026-09-01T17:22:16.255630
PDGL_07,2023,I,404856.8238444011,ok,5,2026-09-01T17:22:16.255633
PDGL_07,2024,I,514729.07001259003,ok,6,2026-09-01T17:22:16.255635
PDGL_08,2016,I,483212.8605741614,ok,6,2026-09-01T17:22:36.406371
PDGL_08,2017,I,83066.77583414713,ok,3,2026-09-01T17:22:36.406400
PDGL_08,2018,I,449758.8421415442,ok,5,2026-09-01T17:22:36.406407
PDGL_08,2019,I,4503.175476074219,contaminated,3,2026-09-01T17:22:36.406413
PDGL_08,2020,I,36586.987530637256,ok,3,2026-09-01T17:22:36.406418
PDGL_08,2021,I,344659.7815324372,ok,5,2026-09-01T17:22:36.406423
PDGL_08,2022,I,465217.6850724763,ok,4,2026-09-01T17:22:36.406428
PDGL_08,2023,I,163049.95374085667,ok,5,2026-09-01T17:22:36.406433
PDGL_08,2024,I,239374.4711713005,ok,6,2026-09-01T17:22:36.406437
PDGL_09,2016,I,155810.03161621094,ok,6,2026-09-01T17:23:00.061971
PDGL_09,2017,I,147704.30310058594,ok,4,2026-09-01T17:23:00.061991
PDGL_09,2018,I,139598.5821533203,ok,5,2026-09-01T17:23:00.061995
PDGL_09,2019,I,149505.57568359375,ok,5,2026-09-01T17:23:00.061998
PDGL_09,2020,I,141399.8427734375,ok,6,2026-09-01T17:23:00.062001
PDGL_09,2021,I,152295.77688179765,ok,6,2026-09-01T17:23:00.062007
PDGL_09,2022,I,149505.5775756836,ok,5,2026-09-01T17:23:00.062009
PDGL_09,2023,I,145002.3950805664,ok,6,2026-09-01T17:23:00.062012
PDGL_09,2024,I,152207.48291015625,ok,6,2026-09-01T17:23:00.062014
PDGL_10,2016,III,338638.3127455767,ok,6,2026-09-01T17:23:21.052768
PDGL_10,2017,III,4503.2626953125,contaminated,3,2026-09-01T17:23:21.052796
PDGL_10,2018,III,141296.50360083487,ok,6,2026-09-01T17:23:21.052803
PDGL_10,2019,III,7205.219909667969,contaminated,4,2026-09-01T17:23:21.052809
PDGL_10,2020,III,9006.525268554688,contaminated,2,2026-09-01T17:23:21.052815
PDGL_10,2021,III,161333.509848202,ok,5,2026-09-01T17:23:21.052820
PDGL_10,2022,III,363238.4836672315,ok,4,2026-09-01T17:23:21.052825
PDGL_10,2023,III,494073.4252278646,ok,4,2026-09-01T17:23:21.052830
PDGL_10,2024,III,87660.07249085669,ok,6,2026-09-01T17:23:21.052836
PDGL_11,2016,II,724599.4286166322,ok,6,2026-09-01T17:23:41.430688
PDGL_11,2017,II,682074.8225418389,ok,6,2026-09-01T17:23:41.430716
PDGL_11,2018,II,714709.9749775006,ok,6,2026-09-01T17:23:41.430722
PDGL_11,2019,II,725404.6886213713,ok,5,2026-09-01T17:23:41.430730
PDGL_11,2020,II,457005.2798548081,ok,6,2026-09-01T17:23:41.430735
PDGL_11,2021,II,645755.9004011565,ok,6,2026-09-01T17:23:41.430740
PDGL_11,2022,II,723423.2804275813,ok,5,2026-09-01T17:23:41.430745
PDGL_11,2023,II,750721.672138289,ok,6,2026-09-01T17:23:41.430750
PDGL_11,2024,II,710655.3058361576,ok,4,2026-09-01T17:23:41.430754
PDGL_12,2016,I,252333.21521762025,ok,5,2026-09-01T17:24:04.368952
PDGL_12,2017,I,177934.91241574753,ok,4,2026-09-01T17:24:04.368978
PDGL_12,2018,I,385269.66601371026,ok,4,2026-09-01T17:24:04.368984
PDGL_12,2019,I,41032.55029584099,ok,4,2026-09-01T17:24:04.368990
PDGL_12,2020,I,36021.35791015625,ok,4,2026-09-01T17:24:04.368995
PDGL_12,2021,I,55833.12951660156,ok,4,2026-09-01T17:24:04.369000
PDGL_12,2022,I,57634.17663574219,ok,1,2026-09-01T17:24:04.369006
PDGL_12,2023,I,397817.0794821347,ok,3,2026-09-01T17:24:04.369011
PDGL_12,2024,I,28870.076902860754,ok,3,2026-09-01T17:24:04.369016
PDGL_13,2016,I,380220.9313809264,ok,2,2026-09-01T17:24:23.104304
PDGL_13,2017,I,509007.19694704545,ok,2,2026-09-01T17:24:23.104333
PDGL_13,2018,I,147721.49154124543,ok,4,2026-09-01T17:24:23.104340
PDGL_13,2019,I,9721.958762494256,contaminated,4,2026-09-01T17:24:23.104346
PDGL_13,2020,I,12264.51480736826,ok,4,2026-09-01T17:24:23.104352
PDGL_13,2021,I,18010.08221435547,ok,4,2026-09-01T17:24:23.104356
PDGL_13,2022,I,1801.01025390625,contaminated,4,2026-09-01T17:24:23.104362
PDGL_13,2023,I,379963.16587440635,ok,3,2026-09-01T17:24:23.104366
PDGL_13,2024,I,112562.9306640625,ok,2,2026-09-01T17:24:23.104371
PDGL_14,2016,I,153984.85430908203,ok,4,2026-09-01T17:24:41.365608
PDGL_14,2017,I,133563.03055252373,ok,5,2026-09-01T17:24:41.365640
PDGL_14,2018,I,202435.02369791665,ok,4,2026-09-01T17:24:41.365646
PDGL_14,2019,I,12606.944030761719,ok,3,2026-09-01T17:24:41.365652
PDGL_14,2020,I,80144.15399169922,ok,6,2026-09-01T17:24:41.365657
PDGL_14,2021,I,72039.6898803711,ok,5,2026-09-01T17:24:41.365662
PDGL_14,2022,I,45925.285705566406,ok,5,2026-09-01T17:24:41.365668
PDGL_14,2023,I,126316.63177011527,ok,6,2026-09-01T17:24:41.365673
PDGL_14,2024,I,52228.763916015625,ok,5,2026-09-01T17:24:41.365678
PDGL_15,2016,I,532068.276418888,ok,6,2026-09-01T17:25:02.887700
PDGL_15,2017,I,568362.7393679152,ok,5,2026-09-01T17:25:02.887727
PDGL_15,2018,I,570908.7924926758,ok,4,2026-09-01T17:25:02.887733
PDGL_15,2019,I,52227.571350097656,contaminated,5,2026-09-01T17:25:02.887740
PDGL_15,2020,I,524994.9274832931,ok,6,2026-09-01T17:25:02.887746
PDGL_15,2021,I,583963.9028803807,ok,6,2026-09-01T17:25:02.887752
PDGL_15,2022,I,585471.7746462355,ok,5,2026-09-01T17:25:02.887757
PDGL_15,2023,I,665578.732712211,ok,6,2026-09-01T17:25:02.887762
PDGL_15,2024,I,536588.2129507026,ok,6,2026-09-01T17:25:02.887767
PDGL_16,2016,I,1168007.003798301,ok,5,2026-09-01T17:25:21.578753
PDGL_16,2017,I,1255741.346837421,ok,5,2026-09-01T17:25:21.578781
PDGL_16,2018,I,1277659.91050786,ok,4,2026-09-01T17:25:21.578788
PDGL_16,2019,I,163878.3986447802,ok,5,2026-09-01T17:25:21.578794
PDGL_16,2020,I,1168745.0139736994,ok,6,2026-09-01T17:25:21.578799
PDGL_16,2021,I,1227974.9065558931,ok,6,2026-09-01T17:25:21.578804
PDGL_16,2022,I,1226428.3801080438,ok,6,2026-09-01T17:25:21.578809
PDGL_16,2023,I,1274958.4930884263,ok,6,2026-09-01T17:25:21.578814
PDGL_16,2024,I,1228352.8411518168,ok,6,2026-09-01T17:25:21.578818
PDGL_17,2016,II,410834.2684338139,ok,6,2026-09-01T17:25:42.367024
PDGL_17,2017,II,361568.48197212967,ok,5,2026-09-01T17:25:42.367051
PDGL_17,2018,II,241710.61456179153,ok,5,2026-09-01T17:25:42.367058
PDGL_17,2019,II,1437.048717064951,contaminated,4,2026-09-01T17:25:42.367064
PDGL_17,2020,II,397946.6956452014,ok,6,2026-09-01T17:25:42.367070
PDGL_17,2021,II,402448.5017623602,ok,6,2026-09-01T17:25:42.367077
PDGL_17,2022,II,7202.9200439453125,contaminated,5,2026-09-01T17:25:42.367082
PDGL_17,2023,II,386549.2085092582,ok,6,2026-09-01T17:25:42.367087
PDGL_17,2024,II,436581.11554481654,ok,6,2026-09-01T17:25:42.367093
PDGL_18,2016,II,1268453.486572744,ok,6,2026-09-01T17:26:00.206319
PDGL_18,2017,II,1292045.9800656782,ok,6,2026-09-01T17:26:00.206344
PDGL_18,2018,II,1211802.8439019893,ok,6,2026-09-01T17:26:00.206350
PDGL_18,2019,II,351501.89125761145,ok,5,2026-09-01T17:26:00.206356
PDGL_18,2020,II,1045641.0494219613,ok,6,2026-09-01T17:26:00.206363
PDGL_18,2021,II,1137641.5040271236,ok,5,2026-09-01T17:26:00.206368
PDGL_18,2022,II,476256.81903937843,ok,5,2026-09-01T17:26:00.206373
PDGL_18,2023,II,1206131.0325396364,ok,5,2026-09-01T17:26:00.206378
PDGL_18,2024,II,1442007.668214805,ok,6,2026-09-01T17:26:00.206383
PDGL_19,2016,I,233285.5858154297,ok,6,2026-09-01T17:26:19.642461
PDGL_19,2017,I,217973.4044189453,ok,3,2026-09-01T17:26:19.642493
PDGL_19,2018,I,233285.58520507812,ok,3,2026-09-01T17:26:19.642500
PDGL_19,2019,I,228782.00262451172,ok,3,2026-09-01T17:26:19.642506
PDGL_19,2020,I,236888.4512939453,ok,2,2026-09-01T17:26:19.642518
PDGL_19,2021,I,233285.58526611328,ok,5,2026-09-01T17:26:19.642523
PDGL_19,2022,I,237789.16772460938,ok,4,2026-09-01T17:26:19.642528
PDGL_19,2023,I,232384.86883544922,ok,4,2026-09-01T17:26:19.642533
PDGL_19,2024,I,235087.0185546875,ok,6,2026-09-01T17:26:19.642538
PDGL_20,2016,II,112105.89015562768,ok,4,2026-09-01T17:26:38.574520
PDGL_20,2017,II,90071.8472290039,ok,4,2026-09-01T17:26:38.574547
PDGL_20,2018,II,100982.90148375268,ok,5,2026-09-01T17:26:38.574555
PDGL_20,2019,II,47109.338499061734,ok,6,2026-09-01T17:26:38.574561
PDGL_20,2020,II,13090.438652008652,ok,6,2026-09-01T17:26:38.574566
PDGL_20,2021,II,74205.07010521983,ok,5,2026-09-01T17:26:38.574571
PDGL_20,2022,II,106698.04773260378,ok,6,2026-09-01T17:26:38.574576
PDGL_20,2023,II,107595.23334769455,ok,6,2026-09-01T17:26:38.574581
PDGL_20,2024,II,64611.53423665365,ok,5,2026-09-01T17:26:38.574586
Lower Barun,2016,I,960664.004808613,ok,4,2026-09-01T17:26:51.781519
Lower Barun,2017,I,411628.33950482524,ok,4,2026-09-01T17:26:51.781544
Lower Barun,2018,I,1192957.625112496,ok,3,2026-09-01T17:26:51.781551
Lower Barun,2019,I,3602.87353515625,contaminated,3,2026-09-01T17:26:51.781557
Lower Barun,2020,I,1028468.6990559897,ok,5,2026-09-01T17:26:51.781563
Lower Barun,2021,I,725322.1748477712,ok,3,2026-09-01T17:26:51.781568
Lower Barun,2022,I,1074083.9306161918,ok,5,2026-09-01T17:26:51.781573
Lower Barun,2023,I,1058489.1154579313,ok,3,2026-09-01T17:26:51.781578
Lower Barun,2024,I,1226270.084831926,ok,2,2026-09-01T17:26:51.781583
PDGL_22,2016,I,27021.609985351562,ok,3,2026-09-01T17:27:10.007549
PDGL_22,2017,I,23418.728637695312,ok,3,2026-09-01T17:27:10.007579
PDGL_22,2018,I,37830.253967285156,ok,3,2026-09-01T17:27:10.007586
PDGL_22,2019,I,38730.97430419922,ok,1,2026-09-01T17:27:10.007591
PDGL_22,2020,I,37830.253967285156,ok,3,2026-09-01T17:27:10.007596
PDGL_22,2021,I,22518.00830078125,ok,3,2026-09-01T17:27:10.007602
PDGL_22,2022,I,3602.8812255859375,ok,2,2026-09-01T17:27:10.007607
PDGL_22,2023,I,22518.008239746094,ok,4,2026-09-01T17:27:10.007612
PDGL_22,2024,I,900.7203369140625,contaminated,3,2026-09-01T17:27:10.007617
Chamlang,2016,II,217974.26428222656,ok,1,2026-09-01T17:27:24.691698
Chamlang,2017,II,144083.4166726505,ok,1,2026-09-01T17:27:24.691744
Chamlang,2018,II,,no_image,0,2026-09-01T17:27:24.691747
Chamlang,2019,II,900.7200927734375,contaminated,1,2026-09-01T17:27:24.691751
Chamlang,2020,II,378302.42205810547,ok,2,2026-09-01T17:27:24.691754
Chamlang,2021,II,147718.0903930664,ok,1,2026-09-01T17:27:24.691756
Chamlang,2022,II,,no_image,0,2026-09-01T17:27:24.691758
Chamlang,2023,II,125002.29244600184,ok,3,2026-09-01T17:27:24.691761
Chamlang,2024,II,278894.732469267,ok,3,2026-09-01T17:27:24.691763
Hongu 2,2016,I,211729.2393391927,ok,4,2026-09-01T17:27:38.213696
Hongu 2,2017,I,197257.68865966797,ok,6,2026-09-01T17:27:38.213720
Hongu 2,2018,I,245956.59944661456,ok,4,2026-09-01T17:27:38.213727
Hongu 2,2019,I,114663.42337455001,ok,5,2026-09-01T17:27:38.213732
Hongu 2,2020,I,241852.14323993758,ok,6,2026-09-01T17:27:38.213738
Hongu 2,2021,I,278364.8584379309,ok,4,2026-09-01T17:27:38.213743
Hongu 2,2022,I,196356.95733642578,ok,4,2026-09-01T17:27:38.213749
Hongu 2,2023,I,90972.71697998047,ok,5,2026-09-01T17:27:38.213754
Hongu 2,2024,I,174941.0094496783,ok,5,2026-09-01T17:27:38.213759
Hongu 1,2016,I,259763.9829312194,ok,5,2026-09-01T17:27:52.175291
Hongu 1,2017,I,202449.96263547413,ok,6,2026-09-01T17:27:52.175328
Hongu 1,2018,I,256076.33132491767,ok,6,2026-09-01T17:27:52.175335
Hongu 1,2019,I,258725.50575046914,ok,4,2026-09-01T17:27:52.175350
Hongu 1,2020,I,244313.99397068398,ok,6,2026-09-01T17:27:52.175355
Hongu 1,2021,I,256161.10451325064,ok,5,2026-09-01T17:27:52.175361
Hongu 1,2022,I,260526.94508152382,ok,4,2026-09-01T17:27:52.175366
Hongu 1,2023,I,257962.54384430533,ok,5,2026-09-01T17:27:52.175371
Hongu 1,2024,I,263366.86061676627,ok,6,2026-09-01T17:27:52.175377
PDGL_26,2016,I,409982.71342964924,ok,6,2026-09-01T17:28:07.761282
PDGL_26,2017,I,370351.0649311141,ok,5,2026-09-01T17:28:07.761307
PDGL_26,2018,I,420791.34245796956,ok,6,2026-09-01T17:28:07.761314
PDGL_26,2019,I,410883.4330951766,ok,4,2026-09-01T17:28:07.761319
PDGL_26,2020,I,401876.2384540633,ok,6,2026-09-01T17:28:07.761324
PDGL_26,2021,I,431599.97636910237,ok,4,2026-09-01T17:28:07.761329
PDGL_26,2022,I,404578.40117378987,ok,4,2026-09-01T17:28:07.761334
PDGL_26,2023,I,416287.75066109456,ok,5,2026-09-01T17:28:07.761339
PDGL_26,2024,I,410925.8218474744,ok,6,2026-09-01T17:28:07.761347
PDGL_27,2016,I,357334.63165905525,ok,6,2026-09-01T17:28:24.056147
PDGL_27,2017,I,335717.3790955787,ok,6,2026-09-01T17:28:24.056173
PDGL_27,2018,I,343823.84815075446,ok,6,2026-09-01T17:28:24.056179
PDGL_27,2019,I,351047.2591782514,ok,4,2026-09-01T17:28:24.056184
PDGL_27,2020,I,353731.756964231,ok,6,2026-09-01T17:28:24.056189
PDGL_27,2021,I,355783.98474121094,ok,4,2026-09-01T17:28:24.056194
PDGL_27,2022,I,348560.57072299137,ok,6,2026-09-01T17:28:24.056199
PDGL_27,2023,I,351029.6000428443,ok,6,2026-09-01T17:28:24.056204
PDGL_27,2024,I,361329.586403282,ok,6,2026-09-01T17:28:24.056209
PDGL_28,2016,I,273224.28740162565,ok,5,2026-09-01T17:28:40.308565
PDGL_28,2017,I,266919.2725090475,ok,6,2026-09-01T17:28:40.308592
PDGL_28,2018,I,266989.9162516276,ok,6,2026-09-01T17:28:40.308599
PDGL_28,2019,I,272323.5710930319,ok,3,2026-09-01T17:28:40.308605
PDGL_28,2020,I,278437.838265692,ok,4,2026-09-01T17:28:40.308611
PDGL_28,2021,I,269621.42119068815,ok,5,2026-09-01T17:28:40.308636
PDGL_28,2022,I,257011.39427418428,ok,4,2026-09-01T17:28:40.308642
PDGL_28,2023,I,269621.4219841452,ok,6,2026-09-01T17:28:40.308647
PDGL_28,2024,I,262655.88061092596,ok,5,2026-09-01T17:28:40.308652
Imja Tsho,2016,I,1295552.1493709788,ok,6,2026-09-01T17:28:52.975015
Imja Tsho,2017,I,1262656.500272863,ok,6,2026-09-01T17:28:52.975039
Imja Tsho,2018,I,996195.4091186523,ok,6,2026-09-01T17:28:52.975046
Imja Tsho,2019,I,1338786.740069221,ok,4,2026-09-01T17:28:52.975051
Imja Tsho,2020,I,1301080.0973726162,ok,6,2026-09-01T17:28:52.975057
Imja Tsho,2021,I,1055960.7798031077,ok,5,2026-09-01T17:28:52.975062
Imja Tsho,2022,I,1538545.1151836324,ok,6,2026-09-01T17:28:52.975066
Imja Tsho,2023,I,1522773.6930273916,ok,6,2026-09-01T17:28:52.975071
Imja Tsho,2024,I,1539414.0246017156,ok,6,2026-09-01T17:28:52.975076
Lumding,2016,I,872558.2915027097,ok,4,2026-09-01T17:29:04.912172
Lumding,2017,I,731623.7109415694,ok,6,2026-09-01T17:29:04.912195
Lumding,2018,I,903520.7450350896,ok,4,2026-09-01T17:29:04.912202
Lumding,2019,I,14411.025451660156,contaminated,4,2026-09-01T17:29:04.912208
Lumding,2020,I,793354.350134517,ok,5,2026-09-01T17:29:04.912214
Lumding,2021,I,706136.0591705925,ok,3,2026-09-01T17:29:04.912220
Lumding,2022,I,752653.8916578109,ok,5,2026-09-01T17:29:04.912225
Lumding,2023,I,832822.11632487,ok,5,2026-09-01T17:29:04.912230
Lumding,2024,I,706761.2572382911,ok,5,2026-09-01T17:29:04.912236
Tsho Rolpa,2016,I,1450064.8214111328,ok,6,2026-09-01T17:29:17.189124
Tsho Rolpa,2017,I,1461939.4201315488,ok,6,2026-09-01T17:29:17.189145
Tsho Rolpa,2018,I,1457252.4712064855,ok,6,2026-09-01T17:29:17.189152
Tsho Rolpa,2019,I,783115.9475408816,ok,4,2026-09-01T17:29:17.189157
Tsho Rolpa,2020,I,1455959.8128860772,ok,5,2026-09-01T17:29:17.189163
Tsho Rolpa,2021,I,1465980.0775795132,ok,5,2026-09-01T17:29:17.189168
Tsho Rolpa,2022,I,1494688.2257889092,ok,6,2026-09-01T17:29:17.189173
Tsho Rolpa,2023,I,1508706.7995966892,ok,6,2026-09-01T17:29:17.189178
Tsho Rolpa,2024,I,1518603.4516345453,ok,6,2026-09-01T17:29:17.189183
PDGL_32,2016,I,951769.2952773151,ok,5,2026-09-01T17:29:36.899424
PDGL_32,2017,I,941339.3677356197,ok,6,2026-09-01T17:29:36.899448
PDGL_32,2018,I,961153.7676379634,ok,5,2026-09-01T17:29:36.899455
PDGL_32,2019,I,284606.7490234375,ok,4,2026-09-01T17:29:36.899460
PDGL_32,2020,I,939538.0660388423,ok,6,2026-09-01T17:29:36.899465
PDGL_32,2021,I,935935.4399402095,ok,4,2026-09-01T17:29:36.899470
PDGL_32,2022,I,947891.193946988,ok,5,2026-09-01T17:29:36.899476
PDGL_32,2023,I,948544.6013171626,ok,5,2026-09-01T17:29:36.899481
PDGL_32,2024,I,957551.1442859126,ok,6,2026-09-01T17:29:36.899486
PDGL_33,2016,II,511833.0228127872,ok,5,2026-09-01T17:29:54.010326
PDGL_33,2017,II,299922.1323852539,ok,4,2026-09-01T17:29:54.010350
PDGL_33,2018,II,575950.026039273,ok,4,2026-09-01T17:29:54.010357
PDGL_33,2019,II,444978.95130854583,ok,1,2026-09-01T17:29:54.010362
PDGL_33,2020,II,455956.3418217678,ok,4,2026-09-01T17:29:54.010368
PDGL_33,2021,II,582819.8088594323,ok,3,2026-09-01T17:29:54.010373
PDGL_33,2022,II,452837.53374693624,ok,5,2026-09-01T17:29:54.010378
PDGL_33,2023,II,446984.94505399815,ok,5,2026-09-01T17:29:54.010383
PDGL_33,2024,II,559762.7322236901,ok,5,2026-09-01T17:29:54.010388
PDGL_34,2016,I,190083.9841430664,ok,5,2026-09-01T17:30:14.022635
PDGL_34,2017,I,62146.273864746094,ok,6,2026-09-01T17:30:14.022664
PDGL_34,2018,I,192743.60961914062,ok,5,2026-09-01T17:30:14.022670
PDGL_34,2019,I,116186.54821777344,ok,3,2026-09-01T17:30:14.022676
PDGL_34,2020,I,160361.84376220702,ok,5,2026-09-01T17:30:14.022681
PDGL_34,2021,I,164865.1918457031,ok,5,2026-09-01T17:30:14.022687
PDGL_34,2022,I,192743.6099243164,ok,4,2026-09-01T17:30:14.022692
PDGL_34,2023,I,188282.64503173827,ok,6,2026-09-01T17:30:14.022697
PDGL_34,2024,I,189600.08708472157,ok,5,2026-09-01T17:30:14.022702
PDGL_35,2016,II,554592.0973587335,ok,6,2026-09-01T17:30:32.864253
PDGL_35,2017,II,305762.7159478879,ok,5,2026-09-01T17:30:32.864278
PDGL_35,2018,II,452399.25704632926,ok,5,2026-09-01T17:30:32.864285
PDGL_35,2019,II,28570.78994547526,contaminated,3,2026-09-01T17:30:32.864294
PDGL_35,2020,II,188526.880459894,ok,6,2026-09-01T17:30:32.864300
PDGL_35,2021,II,497637.7810446347,ok,5,2026-09-01T17:30:32.864305
PDGL_35,2022,II,518565.1985550226,ok,6,2026-09-01T17:30:32.864310
PDGL_35,2023,II,546637.9058711033,ok,6,2026-09-01T17:30:32.864316
PDGL_35,2024,II,497637.8030783261,ok,6,2026-09-01T17:30:32.864321
PDGL_36,2016,I,498704.6374617034,ok,6,2026-09-01T17:30:53.121395
PDGL_36,2017,I,496557.144275381,ok,6,2026-09-01T17:30:53.121423
PDGL_36,2018,I,497803.9633284026,ok,6,2026-09-01T17:30:53.121430
PDGL_36,2019,I,498358.4937626857,ok,6,2026-09-01T17:30:53.121435
PDGL_36,2020,I,495868.3950113932,ok,6,2026-09-01T17:30:53.121441
PDGL_36,2021,I,497457.8232304591,ok,6,2026-09-01T17:30:53.121446
PDGL_36,2022,I,492862.61374559585,ok,5,2026-09-01T17:30:53.121452
PDGL_36,2023,I,496557.1452519435,ok,6,2026-09-01T17:30:53.121457
PDGL_36,2024,I,499605.30756668386,ok,6,2026-09-01T17:30:53.121461
PDGL_37,2016,I,175252.93293480965,ok,6,2026-09-01T17:31:10.957292
PDGL_37,2017,I,164445.30628686043,ok,6,2026-09-01T17:31:10.957319
PDGL_37,2018,I,158140.86469750496,ok,5,2026-09-01T17:31:10.957325
PDGL_37,2019,I,171650.3922853956,ok,4,2026-09-01T17:31:10.957331
PDGL_37,2020,I,146432.5946779737,ok,6,2026-09-01T17:31:10.957336
PDGL_37,2021,I,85189.40882592295,ok,6,2026-09-01T17:31:10.957341
PDGL_37,2022,I,176153.5672121534,ok,6,2026-09-01T17:31:10.957347
PDGL_37,2023,I,165988.74573471968,ok,6,2026-09-01T17:31:10.957352
PDGL_37,2024,I,173451.66358666512,ok,6,2026-09-01T17:31:10.957357
PDGL_38,2016,I,246769.81640625,ok,6,2026-09-01T17:31:26.419839
PDGL_38,2017,I,72049.62817382812,ok,6,2026-09-01T17:31:26.419867
PDGL_38,2018,I,207142.5687866211,ok,5,2026-09-01T17:31:26.419874
PDGL_38,2019,I,238664.2406616211,ok,5,2026-09-01T17:31:26.419879
PDGL_38,2020,I,237763.62518310547,ok,5,2026-09-01T17:31:26.419885
PDGL_38,2021,I,63043.430114746094,ok,6,2026-09-01T17:31:26.419890
PDGL_38,2022,I,253974.7745361328,ok,6,2026-09-01T17:31:26.419895
PDGL_38,2023,I,252173.51361083984,ok,6,2026-09-01T17:31:26.419900
PDGL_38,2024,I,253974.77709960938,ok,6,2026-09-01T17:31:26.419905
PDGL_39,2016,I,435066.49093974987,ok,6,2026-09-01T17:31:44.442349
PDGL_39,2017,I,409500.93356239464,ok,6,2026-09-01T17:31:44.442374
PDGL_39,2018,I,428762.5113865272,ok,6,2026-09-01T17:31:44.442380
PDGL_39,2019,I,429663.0757175819,ok,5,2026-09-01T17:31:44.442385
PDGL_39,2020,I,428522.37099274277,ok,4,2026-09-01T17:31:44.442390
PDGL_39,2021,I,406265.96911549283,ok,6,2026-09-01T17:31:44.442395
PDGL_39,2022,I,434225.9625217811,ok,6,2026-09-01T17:31:44.442404
PDGL_39,2023,I,435984.71154713345,ok,6,2026-09-01T17:31:44.442410
PDGL_39,2024,I,422458.52432598034,ok,6,2026-09-01T17:31:44.442414
PDGL_40,2016,II,493390.4590107039,ok,6,2026-09-01T17:32:02.055445
PDGL_40,2017,II,493284.51189228136,ok,6,2026-09-01T17:32:02.055471
PDGL_40,2018,II,507425.59683024086,ok,6,2026-09-01T17:32:02.055479
PDGL_40,2019,II,443434.10327579273,ok,5,2026-09-01T17:32:02.055485
PDGL_40,2020,II,504162.2779926375,ok,6,2026-09-01T17:32:02.055490
PDGL_40,2021,II,523413.78199630434,ok,6,2026-09-01T17:32:02.055496
PDGL_40,2022,II,529195.2305094401,ok,6,2026-09-01T17:32:02.055501
PDGL_40,2023,II,531183.5888798732,ok,6,2026-09-01T17:32:02.055506
PDGL_40,2024,II,483406.2850408816,ok,6,2026-09-01T17:32:02.055520
PDGL_41,2016,,1124596.2780800015,ok,5,2026-09-01T17:32:22.535571
PDGL_41,2017,,16479.970979339,contaminated,5,2026-09-01T17:32:22.535601
PDGL_41,2018,,1151182.5033437696,ok,5,2026-09-01T17:32:22.535608
PDGL_41,2019,,308853.3267211914,ok,4,2026-09-01T17:32:22.535614
PDGL_41,2020,,382915.6652652516,ok,4,2026-09-01T17:32:22.535619
PDGL_41,2021,,655265.0038607728,ok,4,2026-09-01T17:32:22.535625
PDGL_41,2022,,416137.47407202626,ok,3,2026-09-01T17:32:22.535630
PDGL_41,2023,,1265885.065331553,ok,4,2026-09-01T17:32:22.535635
PDGL_41,2024,,236352.2390567555,ok,6,2026-09-01T17:32:22.535640
PDGL_42,2016,,1572818.9824345615,ok,6,2026-09-01T17:32:40.585127
PDGL_42,2017,,1571918.5509160068,ok,5,2026-09-01T17:32:40.585185
PDGL_42,2018,,1570117.6941655185,ok,5,2026-09-01T17:32:40.585191
PDGL_42,2019,,412739.66866000305,ok,6,2026-09-01T17:32:40.585197
PDGL_42,2020,,987226.1749408797,ok,5,2026-09-01T17:32:40.585202
PDGL_42,2021,,1386570.746411373,ok,6,2026-09-01T17:32:40.585207
PDGL_42,2022,,154873.98760986328,ok,6,2026-09-01T17:32:40.585212
PDGL_42,2023,,505485.82116220525,ok,4,2026-09-01T17:32:40.585217
PDGL_42,2024,,375595.9726428462,ok,6,2026-09-01T17:32:40.585222
PDGL_43,2016,,89131.52661132812,ok,5,2026-09-01T17:33:02.534292
PDGL_43,2017,,103536.61785888672,ok,4,2026-09-01T17:33:02.534337
PDGL_43,2018,,98134.72827148438,ok,6,2026-09-01T17:33:02.534343
PDGL_43,2019,,108038.21154785156,ok,1,2026-09-01T17:33:02.534349
PDGL_43,2020,,103536.62518310547,ok,4,2026-09-01T17:33:02.534355
PDGL_43,2021,,115682.09328685087,ok,4,2026-09-01T17:33:02.534360
PDGL_43,2022,,110739.17022705078,ok,4,2026-09-01T17:33:02.534365
PDGL_43,2023,,111639.4974975586,ok,5,2026-09-01T17:33:02.534370
PDGL_43,2024,,99035.03997802734,ok,5,2026-09-01T17:33:02.534375
PDGL_44,2016,,162943.029296875,ok,4,2026-09-01T17:33:29.121774
PDGL_44,2017,,144038.0936279297,ok,3,2026-09-01T17:33:29.121798
PDGL_44,2018,,103527.47845458984,ok,5,2026-09-01T17:33:29.121805
PDGL_44,2019,,172845.6573486328,ok,1,2026-09-01T17:33:29.121811
PDGL_44,2020,,24306.391235351562,ok,4,2026-09-01T17:33:29.121816
PDGL_44,2021,,94525.04541015625,ok,2,2026-09-01T17:33:29.121842
PDGL_44,2022,,243964.56005859375,ok,4,2026-09-01T17:33:29.121847
PDGL_44,2023,,224159.2836303711,ok,3,2026-09-01T17:33:29.121852
PDGL_44,2024,,169244.6524658203,ok,4,2026-09-01T17:33:29.121856
PDGL_45,2016,,561971.2700221641,ok,6,2026-09-01T17:37:56.839507
PDGL_45,2017,,557954.0640325808,ok,6,2026-09-01T17:37:56.839535
PDGL_45,2018,,562870.6495998008,ok,5,2026-09-01T17:37:56.839542
PDGL_45,2019,,566048.4406194949,ok,5,2026-09-01T17:37:56.839548
PDGL_45,2020,,565149.0561590457,ok,5,2026-09-01T17:37:56.839553
PDGL_45,2021,,555255.9194402957,ok,5,2026-09-01T17:37:56.839561
PDGL_45,2022,,565149.0541448855,ok,6,2026-09-01T17:37:56.839566
PDGL_45,2023,,531896.9082256242,ok,6,2026-09-01T17:37:56.839572
PDGL_45,2024,,481112.2112077302,ok,6,2026-09-01T17:37:56.839577
PDGL_46,2016,,120618.82849121094,ok,6,2026-09-01T17:38:17.703762
PDGL_46,2017,,100815.77032470703,ok,6,2026-09-01T17:38:17.703782
PDGL_46,2018,,84468.48214781517,ok,6,2026-09-01T17:38:17.703788
PDGL_46,2019,,12601.945495605469,ok,5,2026-09-01T17:38:17.703794
PDGL_46,2020,,174627.23638916016,ok,5,2026-09-01T17:38:17.703799
PDGL_46,2021,,157524.52026367188,ok,5,2026-09-01T17:38:17.703804
PDGL_46,2022,,106216.47290039062,ok,6,2026-09-01T17:38:17.703809
PDGL_46,2023,,38706.05017089844,ok,6,2026-09-01T17:38:17.703814
PDGL_46,2024,,143122.18127441406,ok,6,2026-09-01T17:38:17.703819
PDGL_47,2016,,70250.19909667969,ok,5,2026-09-01T17:38:42.471059
PDGL_47,2017,,92766.28454589844,ok,4,2026-09-01T17:38:42.471077
PDGL_47,2018,,3602.57470703125,contaminated,3,2026-09-01T17:38:42.471080
PDGL_47,2019,,900.6422729492188,contaminated,1,2026-09-01T17:38:42.471084
PDGL_47,2020,,94567.57000732422,ok,4,2026-09-01T17:38:42.471087
PDGL_47,2021,,67548.27368164062,ok,1,2026-09-01T17:38:42.471089
PDGL_47,2022,,15310.938415527344,ok,2,2026-09-01T17:38:42.471092
PDGL_47,2023,,92766.28240966797,ok,1,2026-09-01T17:38:42.471095
PDGL_47,2024,,49535.39855957031,ok,4,2026-09-01T17:38:42.471097
