site,year,dam_type,lake_area_m2,snow_cover_index,last_updated
Lower Barun,2016,moraine,960664.004808613,10.467841751782295,2026-09-01T11:06:04.167326
Lower Barun,2017,moraine,411628.33950482524,9.846755921228981,2026-09-01T11:06:04.167348
Lower Barun,2018,moraine,1133655.0403894759,9.051502581015301,2026-09-01T11:06:04.167351
Lower Barun,2019,moraine,1801.436767578125,9.208541164955083,2026-09-01T11:06:04.167353
Lower Barun,2020,moraine,1276936.4161128025,9.803514749100035,2026-09-01T11:06:04.167355
Lower Barun,2021,moraine,725322.1748477712,14.209852389019963,2026-09-01T11:06:04.167358
Lower Barun,2022,moraine,1282393.6975569185,9.625696171377461,2026-09-01T11:06:04.167362
Lower Barun,2023,moraine,0,9.783185213794606,2026-09-01T11:06:04.167365
Lower Barun,2024,moraine,0,8.84140029813805,2026-09-01T11:06:04.167368
Chamlang,2016,moraine,0,13.432178369101273,2026-09-01T11:06:17.747905
Chamlang,2017,moraine,0,14.7001074064797,2026-09-01T11:06:17.747946
Chamlang,2018,moraine,0,12.34427324088077,2026-09-01T11:06:17.747953
Chamlang,2019,moraine,900.7200927734375,4.89202274571364,2026-09-01T11:06:17.747958
Chamlang,2020,moraine,0,11.99041787242446,2026-09-01T11:06:17.747963
Chamlang,2021,moraine,0,18.53276010479261,2026-09-01T11:06:17.747968
Chamlang,2022,moraine,0,13.658048608974635,2026-09-01T11:06:17.747972
Chamlang,2023,moraine,17113.680786132812,9.520610877426856,2026-09-01T11:06:17.747977
Chamlang,2024,moraine,20716.5625,8.825847631869461,2026-09-01T11:06:17.747982
Hongu 2,2016,moraine,211729.2393391927,17.622856941378174,2026-09-01T11:06:28.125152
Hongu 2,2017,moraine,168434.63830566406,19.70533409644346,2026-09-01T11:06:28.125198
Hongu 2,2018,moraine,105264.1372273763,16.1326442472194,2026-09-01T11:06:28.125204
Hongu 2,2019,moraine,72601.56055525236,11.147247130307878,2026-09-01T11:06:28.125208
Hongu 2,2020,moraine,580533.4854219325,20.485811432023066,2026-09-01T11:06:28.125230
Hongu 2,2021,moraine,224321.6571439855,25.914573685832767,2026-09-01T11:06:28.125235
Hongu 2,2022,moraine,0,18.542694563181254,2026-09-01T11:06:28.125240
Hongu 2,2023,moraine,168505.27897614124,14.729568445765835,2026-09-01T11:06:28.125245
Hongu 2,2024,moraine,174941.0094496783,13.16134854975062,2026-09-01T11:06:28.125251
Hongu 1,2016,moraine,259763.9829312194,8.811877502350104,2026-09-01T11:06:39.236123
Hongu 1,2017,moraine,261427.664686016,9.589296037659269,2026-09-01T11:06:39.236150
Hongu 1,2018,moraine,257973.14029995791,11.500299732113204,2026-09-01T11:06:39.236156
Hongu 1,2019,moraine,14305.546957576977,2.4386759258996884,2026-09-01T11:06:39.236161
Hongu 1,2020,moraine,245214.71290378945,10.39016188813708,2026-09-01T11:06:39.236166
Hongu 1,2021,moraine,256023.3473032035,19.583668411282616,2026-09-01T11:06:39.236170
Hongu 1,2022,moraine,260526.94508152382,4.62359983112308,2026-09-01T11:06:39.236175
Hongu 1,2023,moraine,260664.70204743033,3.916676936122447,2026-09-01T11:06:39.236180
Hongu 1,2024,moraine,249718.3110483207,6.781189984993215,2026-09-01T11:06:39.236184
Imja Tsho,2016,moraine,1295552.1493709788,12.263411332558741,2026-09-01T11:06:48.714523
Imja Tsho,2017,moraine,1300055.7586239085,10.772013364688858,2026-09-01T11:06:48.714554
Imja Tsho,2018,moraine,1240608.2608211741,12.650290948640459,2026-09-01T11:06:48.714560
Imja Tsho,2019,moraine,160327.99249267578,7.544151195015947,2026-09-01T11:06:48.714565
Imja Tsho,2020,moraine,1453291.1372182807,12.000162689572651,2026-09-01T11:06:48.714570
Imja Tsho,2021,moraine,1358726.1440034756,11.654139465091513,2026-09-01T11:06:48.714575
Imja Tsho,2022,moraine,1545743.806391937,8.943627334707092,2026-09-01T11:06:48.714579
Imja Tsho,2023,moraine,1576039.754737525,8.93532872179667,2026-09-01T11:06:48.714584
Imja Tsho,2024,moraine,1539414.0246017156,9.809336386836767,2026-09-01T11:06:48.714588
Lumding,2016,moraine,754455.2566480453,13.931016457683022,2026-09-01T11:06:57.623324
Lumding,2017,moraine,731623.7109415694,14.75311924243472,2026-09-01T11:06:57.623354
Lumding,2018,moraine,826623.2370593504,15.120815015379597,2026-09-01T11:06:57.623359
Lumding,2019,moraine,900.6868286132812,12.8969659193631,2026-09-01T11:06:57.623364
Lumding,2020,moraine,911895.3637654625,18.32405485476001,2026-09-01T11:06:57.623369
Lumding,2021,moraine,620468.2822260841,24.08393591138853,2026-09-01T11:06:57.623374
Lumding,2022,moraine,871657.6087024168,11.973328053375889,2026-09-01T11:06:57.623378
Lumding,2023,moraine,832822.11632487,13.148433510534002,2026-09-01T11:06:57.623383
Lumding,2024,moraine,364255.6807351505,11.723874240359526,2026-09-01T11:06:57.623389
Tsho Rolpa,2016,moraine,1450064.8214111328,14.8505361105469,2026-09-01T11:07:08.205577
Tsho Rolpa,2017,moraine,1424846.2740478516,12.64026586156625,2026-09-01T11:07:08.205607
Tsho Rolpa,2018,moraine,1457252.4712064855,11.91185486006002,2026-09-01T11:07:08.205613
Tsho Rolpa,2019,moraine,3602.6546020507812,9.86482349874114,2026-09-01T11:07:08.205620
Tsho Rolpa,2020,moraine,1455959.8128860772,13.306586703245872,2026-09-01T11:07:08.205625
Tsho Rolpa,2021,moraine,1495232.1734319946,18.434168289872062,2026-09-01T11:07:08.205630
Tsho Rolpa,2022,moraine,1494688.2257889092,11.530528858816872,2026-09-01T11:07:08.205635
Tsho Rolpa,2023,moraine,1536715.534729722,12.420076744121676,2026-09-01T11:07:08.205639
Tsho Rolpa,2024,moraine,1518603.4516345453,9.153417859549668,2026-09-01T11:07:08.205644
Ronti Peak,2016,slope,23410.119750976562,25.03194933949168,2026-09-01T11:07:19.332029
Ronti Peak,2017,slope,900.3858642578125,28.857455251543318,2026-09-01T11:07:19.332083
Ronti Peak,2018,slope,12570.103303797105,24.615807063941638,2026-09-01T11:07:19.332091
Ronti Peak,2019,slope,245299.79287109376,41.75863273164428,2026-09-01T11:07:19.332096
Ronti Peak,2020,slope,0,35.04202540739575,2026-09-01T11:07:19.332101
Ronti Peak,2021,slope,5275.257197122013,41.012499939579094,2026-09-01T11:07:19.332106
Ronti Peak,2022,slope,17474.530589623544,29.940308270204152,2026-09-01T11:07:19.332110
Ronti Peak,2023,slope,22509.62530517578,36.85888570104816,2026-09-01T11:07:19.332115
Ronti Peak,2024,slope,22509.729248046875,23.13779637173474,2026-09-01T11:07:19.332119
