site,year,dam_type,lake_area_m2,lake_status,images_used,last_updated
Lower Barun,2016,moraine,960664.004808613,ok,4,2026-09-01T16:42:51.572698
Lower Barun,2017,moraine,411628.33950482524,ok,4,2026-09-01T16:42:51.572748
Lower Barun,2018,moraine,1192957.625112496,ok,3,2026-09-01T16:42:51.572756
Lower Barun,2019,moraine,3602.87353515625,contaminated,3,2026-09-01T16:42:51.572762
Lower Barun,2020,moraine,1028468.6990559897,ok,5,2026-09-01T16:42:51.572768
Lower Barun,2021,moraine,725322.1748477712,ok,3,2026-09-01T16:42:51.572774
Lower Barun,2022,moraine,1074083.9306161918,ok,5,2026-09-01T16:42:51.572778
Lower Barun,2023,moraine,1058489.1154579313,ok,3,2026-09-01T16:42:51.572783
Lower Barun,2024,moraine,1226270.084831926,ok,2,2026-09-01T16:42:51.572788
Chamlang,2016,moraine,217974.26428222656,ok,1,2026-09-01T16:43:10.925405
Chamlang,2017,moraine,144083.4166726505,ok,1,2026-09-01T16:43:10.925464
Chamlang,2018,moraine,,no_image,0,2026-09-01T16:43:10.925472
Chamlang,2019,moraine,900.7200927734375,contaminated,1,2026-09-01T16:43:10.925478
Chamlang,2020,moraine,378302.42205810547,ok,2,2026-09-01T16:43:10.925484
Chamlang,2021,moraine,147718.0903930664,ok,1,2026-09-01T16:43:10.925489
Chamlang,2022,moraine,,no_image,0,2026-09-01T16:43:10.925495
Chamlang,2023,moraine,125002.29244600184,ok,3,2026-09-01T16:43:10.925500
Chamlang,2024,moraine,278894.732469267,ok,3,2026-09-01T16:43:10.925505
Hongu 2,2016,moraine,211729.2393391927,ok,4,2026-09-01T16:43:29.378161
Hongu 2,2017,moraine,197257.68865966797,ok,6,2026-09-01T16:43:29.378225
Hongu 2,2018,moraine,245956.59944661456,ok,4,2026-09-01T16:43:29.378228
Hongu 2,2019,moraine,114663.42337455001,ok,5,2026-09-01T16:43:29.378230
Hongu 2,2020,moraine,241852.14323993758,ok,6,2026-09-01T16:43:29.378232
Hongu 2,2021,moraine,278364.8584379309,ok,4,2026-09-01T16:43:29.378234
Hongu 2,2022,moraine,196356.95733642578,ok,4,2026-09-01T16:43:29.378236
Hongu 2,2023,moraine,90972.71697998047,ok,5,2026-09-01T16:43:29.378238
Hongu 2,2024,moraine,174941.0094496783,ok,5,2026-09-01T16:43:29.378242
Hongu 1,2016,moraine,259763.9829312194,ok,5,2026-09-01T16:43:44.371918
Hongu 1,2017,moraine,202449.96263547413,ok,6,2026-09-01T16:43:44.371961
Hongu 1,2018,moraine,256076.33132491767,ok,6,2026-09-01T16:43:44.371963
Hongu 1,2019,moraine,258725.50575046914,ok,4,2026-09-01T16:43:44.371965
Hongu 1,2020,moraine,244313.99397068398,ok,6,2026-09-01T16:43:44.371967
Hongu 1,2021,moraine,256161.10451325064,ok,5,2026-09-01T16:43:44.371969
Hongu 1,2022,moraine,260526.94508152382,ok,4,2026-09-01T16:43:44.371972
Hongu 1,2023,moraine,257962.54384430533,ok,5,2026-09-01T16:43:44.371974
Hongu 1,2024,moraine,263366.86061676627,ok,6,2026-09-01T16:43:44.371975
Imja Tsho,2016,moraine,1295552.1493709788,ok,6,2026-09-01T16:44:03.460414
Imja Tsho,2017,moraine,1262656.500272863,ok,6,2026-09-01T16:44:03.460472
Imja Tsho,2018,moraine,996195.4091186523,ok,6,2026-09-01T16:44:03.460476
Imja Tsho,2019,moraine,1338786.740069221,ok,4,2026-09-01T16:44:03.460479
Imja Tsho,2020,moraine,1301080.0973726162,ok,6,2026-09-01T16:44:03.460482
Imja Tsho,2021,moraine,1055960.7798031077,ok,5,2026-09-01T16:44:03.460486
Imja Tsho,2022,moraine,1538545.1151836324,ok,6,2026-09-01T16:44:03.460488
Imja Tsho,2023,moraine,1522773.6930273916,ok,6,2026-09-01T16:44:03.460491
Imja Tsho,2024,moraine,1539414.0246017156,ok,6,2026-09-01T16:44:03.460493
Lumding,2016,moraine,872558.2915027097,ok,4,2026-09-01T16:44:24.847333
Lumding,2017,moraine,731623.7109415694,ok,6,2026-09-01T16:44:24.847389
Lumding,2018,moraine,903520.7450350896,ok,4,2026-09-01T16:44:24.847394
Lumding,2019,moraine,14411.025451660156,contaminated,4,2026-09-01T16:44:24.847398
Lumding,2020,moraine,793354.350134517,ok,5,2026-09-01T16:44:24.847402
Lumding,2021,moraine,706136.0591705925,ok,3,2026-09-01T16:44:24.847406
Lumding,2022,moraine,752653.8916578109,ok,5,2026-09-01T16:44:24.847410
Lumding,2023,moraine,832822.11632487,ok,5,2026-09-01T16:44:24.847413
Lumding,2024,moraine,706761.2572382911,ok,5,2026-09-01T16:44:24.847418
Tsho Rolpa,2016,moraine,1450064.8214111328,ok,6,2026-09-01T16:44:51.120693
Tsho Rolpa,2017,moraine,1461939.4201315488,ok,6,2026-09-01T16:44:51.120719
Tsho Rolpa,2018,moraine,1457252.4712064855,ok,6,2026-09-01T16:44:51.120725
Tsho Rolpa,2019,moraine,783115.9475408816,ok,4,2026-09-01T16:44:51.120732
Tsho Rolpa,2020,moraine,1455959.8128860772,ok,5,2026-09-01T16:44:51.120737
Tsho Rolpa,2021,moraine,1465980.0775795132,ok,5,2026-09-01T16:44:51.120742
Tsho Rolpa,2022,moraine,1494688.2257889092,ok,6,2026-09-01T16:44:51.120747
Tsho Rolpa,2023,moraine,1508706.7995966892,ok,6,2026-09-01T16:44:51.120752
Tsho Rolpa,2024,moraine,1518603.4516345453,ok,6,2026-09-01T16:44:51.120757
Ronti Peak,2016,slope,17107.396240234375,ok,4,2026-09-01T16:45:17.803772
Ronti Peak,2017,slope,8103.4805908203125,ok,4,2026-09-01T16:45:17.803802
Ronti Peak,2018,slope,16206.962707519531,ok,2,2026-09-01T16:45:17.803810
Ronti Peak,2019,slope,10804.607055664062,ok,3,2026-09-01T16:45:17.803815
Ronti Peak,2020,slope,23410.06707763672,ok,3,2026-09-01T16:45:17.803821
Ronti Peak,2021,slope,4501.929504394531,ok,3,2026-09-01T16:45:17.803826
Ronti Peak,2022,slope,27912.074768066406,ok,4,2026-09-01T16:45:17.803831
Ronti Peak,2023,slope,14370.880647547105,ok,4,2026-09-01T16:45:17.803836
Ronti Peak,2024,slope,12605.394470214844,ok,5,2026-09-01T16:45:17.803841
